AFAM-162_Lecture-2,AFAM-162_Lecture-1
AFAM-162_Lecture-3,AFAM-162_Lecture-2
AFAM-162_Lecture-4,AFAM-162_Lecture-3
AFAM-162_Lecture-5,AFAM-162_Lecture-4
AFAM-162_Lecture-6,AFAM-162_Lecture-5
AFAM-162_Lecture-7,AFAM-162_Lecture-6
AFAM-162_Lecture-8,AFAM-162_Lecture-7
AFAM-162_Lecture-9,AFAM-162_Lecture-8
AFAM-162_Lecture-10,AFAM-162_Lecture-9
AFAM-162_Lecture-11,AFAM-162_Lecture-10
AFAM-162_Lecture-12,AFAM-162_Lecture-11
AFAM-162_Lecture-13,AFAM-162_Lecture-12
AFAM-162_Lecture-14,AFAM-162_Lecture-13
AFAM-162_Lecture-15,AFAM-162_Lecture-14
AFAM-162_Lecture-16,AFAM-162_Lecture-15
AFAM-162_Lecture-17,AFAM-162_Lecture-16
AFAM-162_Lecture-18,AFAM-162_Lecture-17
AFAM-162_Lecture-19,AFAM-162_Lecture-18
AFAM-162_Lecture-20,AFAM-162_Lecture-19
AFAM-162_Lecture-21,AFAM-162_Lecture-20
AFAM-162_Lecture-22,AFAM-162_Lecture-21
AFAM-162_Lecture-23,AFAM-162_Lecture-22
AFAM-162_Lecture-24,AFAM-162_Lecture-23
AFAM-162_Lecture-25,AFAM-162_Lecture-24
AMST-246_Lecture-2,AMST-246_Lecture-1
AMST-246_Lecture-3,AMST-246_Lecture-2
AMST-246_Lecture-4,AMST-246_Lecture-3
AMST-246_Lecture-5,AMST-246_Lecture-4
AMST-246_Lecture-6,AMST-246_Lecture-5
AMST-246_Lecture-7,AMST-246_Lecture-6
AMST-246_Lecture-8,AMST-246_Lecture-7
AMST-246_Lecture-9,AMST-246_Lecture-8
AMST-246_Lecture-10,AMST-246_Lecture-9
AMST-246_Lecture-11,AMST-246_Lecture-10
AMST-246_Lecture-12,AMST-246_Lecture-11
AMST-246_Lecture-13,AMST-246_Lecture-12
AMST-246_Lecture-14,AMST-246_Lecture-13
AMST-246_Lecture-15,AMST-246_Lecture-14
AMST-246_Lecture-16,AMST-246_Lecture-15
AMST-246_Lecture-17,AMST-246_Lecture-16
AMST-246_Lecture-18,AMST-246_Lecture-17
AMST-246_Lecture-19,AMST-246_Lecture-18
AMST-246_Lecture-20,AMST-246_Lecture-19
AMST-246_Lecture-21,AMST-246_Lecture-20
AMST-246_Lecture-22,AMST-246_Lecture-21
AMST-246_Lecture-23,AMST-246_Lecture-22
AMST-246_Lecture-24,AMST-246_Lecture-23
AMST-246_Lecture-25,AMST-246_Lecture-24
ASTR-160_Lecture-2,ASTR-160_Lecture-1
ASTR-160_Lecture-3,ASTR-160_Lecture-2
ASTR-160_Lecture-4,ASTR-160_Lecture-3
ASTR-160_Lecture-5,ASTR-160_Lecture-4
ASTR-160_Lecture-6,ASTR-160_Lecture-5
ASTR-160_Lecture-7,ASTR-160_Lecture-6
ASTR-160_Update-1,ASTR-160_Lecture-7
ASTR-160_Exam-1,ASTR-160_Update-1
ASTR-160_Lecture-8,ASTR-160_Exam-1
ASTR-160_Lecture-9,ASTR-160_Lecture-8
ASTR-160_Lecture-10,ASTR-160_Lecture-9
ASTR-160_Lecture-11,ASTR-160_Lecture-10
ASTR-160_Lecture-12,ASTR-160_Lecture-11
ASTR-160_Lecture-13,ASTR-160_Lecture-12
ASTR-160_Lecture-14,ASTR-160_Lecture-13
ASTR-160_Lecture-15,ASTR-160_Lecture-14
ASTR-160_Update-2,ASTR-160_Lecture-15
ASTR-160_Exam-2,ASTR-160_Update-2
ASTR-160_Lecture-16,ASTR-160_Exam-2
ASTR-160_Lecture-17,ASTR-160_Lecture-16
ASTR-160_Lecture-18,ASTR-160_Lecture-17
ASTR-160_Lecture-19,ASTR-160_Lecture-18
ASTR-160_Lecture-20,ASTR-160_Lecture-19
ASTR-160_Lecture-21,ASTR-160_Lecture-20
ASTR-160_Lecture-22,ASTR-160_Lecture-21
ASTR-160_Lecture-23,ASTR-160_Lecture-22
ASTR-160_Lecture-24,ASTR-160_Lecture-23
ASTR-160_Update-3,ASTR-160_Lecture-24
BENG-100_Lecture-2,BENG-100_Lecture-1
BENG-100_Lecture-3,BENG-100_Lecture-2
BENG-100_Lecture-4,BENG-100_Lecture-3
BENG-100_Lecture-5,BENG-100_Lecture-4
BENG-100_Lecture-6,BENG-100_Lecture-5
BENG-100_Lecture-7,BENG-100_Lecture-6
BENG-100_Lecture-8,BENG-100_Lecture-7
BENG-100_Lecture-9,BENG-100_Lecture-8
BENG-100_Lecture-10,BENG-100_Lecture-9
BENG-100_Lecture-11,BENG-100_Lecture-10
BENG-100_Lecture-12,BENG-100_Lecture-11
BENG-100_Lecture-13,BENG-100_Lecture-12
BENG-100_Lecture-14,BENG-100_Lecture-13
BENG-100_Lecture-15,BENG-100_Lecture-14
BENG-100_Exam-1,BENG-100_Lecture-15
BENG-100_Lecture-16,BENG-100_Exam-1
BENG-100_Lecture-17,BENG-100_Lecture-16
BENG-100_Lecture-18,BENG-100_Lecture-17
BENG-100_Lecture-19,BENG-100_Lecture-18
BENG-100_Lecture-20,BENG-100_Lecture-19
BENG-100_Lecture-21,BENG-100_Lecture-20
BENG-100_Lecture-22,BENG-100_Lecture-21
BENG-100_Lecture-23,BENG-100_Lecture-22
BENG-100_Lecture-24,BENG-100_Lecture-23
BENG-100_Lecture-25,BENG-100_Lecture-24
BENG-100_Exam-2,BENG-100_Lecture-25
CHEM-125a_Lecture-2,CHEM-125a_Lecture-1
CHEM-125a_Lecture-3,CHEM-125a_Lecture-2
CHEM-125a_Lecture-4,CHEM-125a_Lecture-3
CHEM-125a_Lecture-5,CHEM-125a_Lecture-4
CHEM-125a_Lecture-6,CHEM-125a_Lecture-5
CHEM-125a_Lecture-7,CHEM-125a_Lecture-6
CHEM-125a_Lecture-8,CHEM-125a_Lecture-7
CHEM-125a_Lecture-9,CHEM-125a_Lecture-8
CHEM-125a_Lecture-10,CHEM-125a_Lecture-9
CHEM-125a_Exam-1,CHEM-125a_Lecture-10
CHEM-125a_Lecture-11,CHEM-125a_Exam-1
CHEM-125a_Lecture-12,CHEM-125a_Lecture-11
CHEM-125a_Lecture-13,CHEM-125a_Lecture-12
CHEM-125a_Lecture-14,CHEM-125a_Lecture-13
CHEM-125a_Lecture-15,CHEM-125a_Lecture-14
CHEM-125a_Lecture-16,CHEM-125a_Lecture-15
CHEM-125a_Lecture-17,CHEM-125a_Lecture-16
CHEM-125a_Lecture-18,CHEM-125a_Lecture-17
CHEM-125a_Lecture-19,CHEM-125a_Lecture-18
CHEM-125a_Exam-2,CHEM-125a_Lecture-19
CHEM-125a_Lecture-20,CHEM-125a_Exam-2
CHEM-125a_Lecture-21,CHEM-125a_Lecture-20
CHEM-125a_Lecture-22,CHEM-125a_Lecture-21
CHEM-125a_Lecture-23,CHEM-125a_Lecture-22
CHEM-125a_Lecture-24,CHEM-125a_Lecture-23
CHEM-125a_Lecture-25,CHEM-125a_Lecture-24
CHEM-125a_Lecture-26,CHEM-125a_Lecture-25
CHEM-125a_Lecture-27,CHEM-125a_Lecture-26
CHEM-125a_Lecture-28,CHEM-125a_Lecture-27
CHEM-125a_Lecture-29,CHEM-125a_Lecture-28
CHEM-125a_Exam-3,CHEM-125a_Lecture-29
CHEM-125a_Lecture-30,CHEM-125a_Exam-3
CHEM-125a_Lecture-31,CHEM-125a_Lecture-30
CHEM-125a_Lecture-32,CHEM-125a_Lecture-31
CHEM-125a_Lecture-33,CHEM-125a_Lecture-32
CHEM-125a_Lecture-34,CHEM-125a_Lecture-33
CHEM-125a_Lecture-35,CHEM-125a_Lecture-34
CHEM-125a_Lecture-36,CHEM-125a_Lecture-35
CHEM-125a_Lecture-37,CHEM-125a_Lecture-36
CHEM-125a_Exam-4,CHEM-125a_Lecture-37
CHEM-125b_Lecture-2,CHEM-125b_Lecture-1
CHEM-125b_Lecture-3,CHEM-125b_Lecture-2
CHEM-125b_Lecture-4,CHEM-125b_Lecture-3
CHEM-125b_Lecture-5,CHEM-125b_Lecture-4
CHEM-125b_Lecture-6,CHEM-125b_Lecture-5
CHEM-125b_Lecture-7,CHEM-125b_Lecture-6
CHEM-125b_Lecture-8,CHEM-125b_Lecture-7
CHEM-125b_Lecture-9,CHEM-125b_Lecture-8
CHEM-125b_Lecture-10,CHEM-125b_Lecture-9
CHEM-125b_Lecture-11,CHEM-125b_Lecture-10
CHEM-125b_Lecture-12,CHEM-125b_Lecture-11
CHEM-125b_Lecture-13,CHEM-125b_Lecture-12
CHEM-125b_Lecture-14,CHEM-125b_Lecture-13
CHEM-125b_Lecture-15,CHEM-125b_Lecture-14
CHEM-125b_Lecture-16,CHEM-125b_Lecture-15
CHEM-125b_Lecture-17,CHEM-125b_Lecture-16
CHEM-125b_Lecture-18,CHEM-125b_Lecture-17
CHEM-125b_Lecture-19,CHEM-125b_Lecture-18
CHEM-125b_Lecture-20,CHEM-125b_Lecture-19
CHEM-125b_Lecture-21,CHEM-125b_Lecture-20
CHEM-125b_Lecture-22,CHEM-125b_Lecture-21
CHEM-125b_Lecture-23,CHEM-125b_Lecture-22
CHEM-125b_Lecture-24,CHEM-125b_Lecture-23
CHEM-125b_Lecture-25,CHEM-125b_Lecture-24
CHEM-125b_Lecture-26,CHEM-125b_Lecture-25
CHEM-125b_Lecture-27,CHEM-125b_Lecture-26
CHEM-125b_Lecture-28,CHEM-125b_Lecture-27
CHEM-125b_Lecture-29,CHEM-125b_Lecture-28
CHEM-125b_Lecture-30,CHEM-125b_Lecture-29
CHEM-125b_Lecture-31,CHEM-125b_Lecture-30
CHEM-125b_Lecture-32,CHEM-125b_Lecture-31
CHEM-125b_Lecture-33,CHEM-125b_Lecture-32
CHEM-125b_Lecture-34,CHEM-125b_Lecture-33
CHEM-125b_Lecture-35,CHEM-125b_Lecture-34
CHEM-125b_Lecture-36,CHEM-125b_Lecture-35
CHEM-125b_Lecture-37,CHEM-125b_Lecture-36
CHEM-125b_Lecture-38,CHEM-125b_Lecture-37
CLCV-205_Lecture-2,CLCV-205_Lecture-1
CLCV-205_Lecture-3,CLCV-205_Lecture-2
CLCV-205_Lecture-4,CLCV-205_Lecture-3
CLCV-205_Lecture-5,CLCV-205_Lecture-4
CLCV-205_Lecture-6,CLCV-205_Lecture-5
CLCV-205_Lecture-7,CLCV-205_Lecture-6
CLCV-205_Lecture-8,CLCV-205_Lecture-7
CLCV-205_Lecture-9,CLCV-205_Lecture-8
CLCV-205_Lecture-10,CLCV-205_Lecture-9
CLCV-205_Lecture-11,CLCV-205_Lecture-10
CLCV-205_Lecture-12,CLCV-205_Lecture-11
CLCV-205_Lecture-13,CLCV-205_Lecture-12
CLCV-205_Lecture-14,CLCV-205_Lecture-13
CLCV-205_Lecture-15,CLCV-205_Lecture-14
CLCV-205_Lecture-16,CLCV-205_Lecture-15
CLCV-205_Lecture-17,CLCV-205_Lecture-16
CLCV-205_Lecture-18,CLCV-205_Lecture-17
CLCV-205_Lecture-19,CLCV-205_Lecture-18
CLCV-205_Lecture-20,CLCV-205_Lecture-19
CLCV-205_Lecture-21,CLCV-205_Lecture-20
CLCV-205_Lecture-22,CLCV-205_Lecture-21
CLCV-205_Lecture-23,CLCV-205_Lecture-22
CLCV-205_Lecture-24,CLCV-205_Lecture-23
EEB-122_Lecture-2,EEB-122_Lecture-1
EEB-122_Lecture-3,EEB-122_Lecture-2
EEB-122_Lecture-4,EEB-122_Lecture-3
EEB-122_Lecture-5,EEB-122_Lecture-4
EEB-122_Lecture-6,EEB-122_Lecture-5
EEB-122_Lecture-7,EEB-122_Lecture-6
EEB-122_Lecture-8,EEB-122_Lecture-7
EEB-122_Lecture-9,EEB-122_Lecture-8
EEB-122_Lecture-10,EEB-122_Lecture-9
EEB-122_Lecture-11,EEB-122_Lecture-10
EEB-122_Lecture-12,EEB-122_Lecture-11
EEB-122_Lecture-13,EEB-122_Lecture-12
EEB-122_Lecture-14,EEB-122_Lecture-13
EEB-122_Lecture-15,EEB-122_Lecture-14
EEB-122_Lecture-16,EEB-122_Lecture-15
EEB-122_Lecture-17,EEB-122_Lecture-16
EEB-122_Lecture-18,EEB-122_Lecture-17
EEB-122_Lecture-19,EEB-122_Lecture-18
EEB-122_Lecture-20,EEB-122_Lecture-19
EEB-122_Lecture-21,EEB-122_Lecture-20
EEB-122_Exam-1,EEB-122_Lecture-21
EEB-122_Lecture-22,EEB-122_Exam-1
EEB-122_Lecture-23,EEB-122_Lecture-22
EEB-122_Lecture-24,EEB-122_Lecture-23
EEB-122_Lecture-25,EEB-122_Lecture-24
EEB-122_Lecture-26,EEB-122_Lecture-25
EEB-122_Lecture-27,EEB-122_Lecture-26
EEB-122_Lecture-28,EEB-122_Lecture-27
EEB-122_Lecture-29,EEB-122_Lecture-28
EEB-122_Lecture-30,EEB-122_Lecture-29
EEB-122_Lecture-31,EEB-122_Lecture-30
EEB-122_Lecture-32,EEB-122_Lecture-31
EEB-122_Lecture-33,EEB-122_Lecture-32
EEB-122_Lecture-34,EEB-122_Lecture-33
EEB-122_Lecture-35,EEB-122_Lecture-34
EEB-122_Lecture-36,EEB-122_Lecture-35
EEB-122_Exam-2,EEB-122_Lecture-36
ECON-252_Lecture-2,ECON-252_Lecture-1
ECON-252_Lecture-3,ECON-252_Lecture-2
ECON-252_Lecture-4,ECON-252_Lecture-3
ECON-252_Lecture-5,ECON-252_Lecture-4
ECON-252_Lecture-6,ECON-252_Lecture-5
ECON-252_Lecture-7,ECON-252_Lecture-6
ECON-252_Lecture-8,ECON-252_Lecture-7
ECON-252_Lecture-9,ECON-252_Lecture-8
ECON-252_Lecture-10,ECON-252_Lecture-9
ECON-252_Exam-1,ECON-252_Lecture-10
ECON-252_Lecture-11,ECON-252_Exam-1
ECON-252_Lecture-12,ECON-252_Lecture-11
ECON-252_Lecture-13,ECON-252_Lecture-12
ECON-252_Lecture-14,ECON-252_Lecture-13
ECON-252_Lecture-15,ECON-252_Lecture-14
ECON-252_Lecture-16,ECON-252_Lecture-15
ECON-252_Exam-2,ECON-252_Lecture-16
ECON-252_Lecture-17,ECON-252_Exam-2
ECON-252_Lecture-18,ECON-252_Lecture-17
ECON-252_Lecture-19,ECON-252_Lecture-18
ECON-252_Lecture-20,ECON-252_Lecture-19
ECON-252_Lecture-21,ECON-252_Lecture-20
ECON-252_Lecture-22,ECON-252_Lecture-21
ECON-252_Lecture-23,ECON-252_Lecture-22
ECON-252_Lecture-24,ECON-252_Lecture-23
ECON-252_Lecture-25,ECON-252_Lecture-24
ECON-252_Lecture-26,ECON-252_Lecture-25
ECON-252_Exam-3,ECON-252_Lecture-26
ECON-252_Lecture-1,ECON-252_Exam-3
ECON-252_Lecture-2,ECON-252_Lecture-1
ECON-252_Lecture-3,ECON-252_Lecture-2
ECON-252_Lecture-4,ECON-252_Lecture-3
ECON-252_Lecture-5,ECON-252_Lecture-4
ECON-252_Lecture-6,ECON-252_Lecture-5
ECON-252_Lecture-7,ECON-252_Lecture-6
ECON-252_Exam-1,ECON-252_Lecture-7
ECON-252_Lecture-8,ECON-252_Exam-1
ECON-252_Lecture-9,ECON-252_Lecture-8
ECON-252_Lecture-10,ECON-252_Lecture-9
ECON-252_Lecture-11,ECON-252_Lecture-10
ECON-252_Lecture-12,ECON-252_Lecture-11
ECON-252_Lecture-13,ECON-252_Lecture-12
ECON-252_Lecture-14,ECON-252_Lecture-13
ECON-252_Lecture-15,ECON-252_Lecture-14
ECON-252_Exam-2,ECON-252_Lecture-15
ECON-252_Lecture-16,ECON-252_Exam-2
ECON-252_Lecture-17,ECON-252_Lecture-16
ECON-252_Lecture-18,ECON-252_Lecture-17
ECON-252_Lecture-19,ECON-252_Lecture-18
ECON-252_Lecture-20,ECON-252_Lecture-19
ECON-252_Lecture-21,ECON-252_Lecture-20
ECON-252_Lecture-22,ECON-252_Lecture-21
ECON-252_Lecture-23,ECON-252_Lecture-22
ECON-252_Exam-3,ECON-252_Lecture-23
ECON-251_Lecture-2,ECON-251_Lecture-1
ECON-251_Lecture-3,ECON-251_Lecture-2
ECON-251_Lecture-4,ECON-251_Lecture-3
ECON-251_Lecture-5,ECON-251_Lecture-4
ECON-251_Lecture-6,ECON-251_Lecture-5
ECON-251_Lecture-7,ECON-251_Lecture-6
ECON-251_Lecture-8,ECON-251_Lecture-7
ECON-251_Lecture-9,ECON-251_Lecture-8
ECON-251_Lecture-10,ECON-251_Lecture-9
ECON-251_Lecture-11,ECON-251_Lecture-10
ECON-251_Lecture-12,ECON-251_Lecture-11
ECON-251_Lecture-13,ECON-251_Lecture-12
ECON-251_Lecture-14,ECON-251_Lecture-13
ECON-251_Lecture-15,ECON-251_Lecture-14
ECON-251_Lecture-16,ECON-251_Lecture-15
ECON-251_Lecture-17,ECON-251_Lecture-16
ECON-251_Lecture-18,ECON-251_Lecture-17
ECON-251_Lecture-19,ECON-251_Lecture-18
ECON-251_Lecture-20,ECON-251_Lecture-19
ECON-251_Lecture-21,ECON-251_Lecture-20
ECON-251_Lecture-22,ECON-251_Lecture-21
ECON-251_Lecture-23,ECON-251_Lecture-22
ECON-251_Lecture-24,ECON-251_Lecture-23
ECON-251_Lecture-25,ECON-251_Lecture-24
ECON-251_Lecture-26,ECON-251_Lecture-25
ECON-159_Lecture-2,ECON-159_Lecture-1
ECON-159_Lecture-3,ECON-159_Lecture-2
ECON-159_Lecture-4,ECON-159_Lecture-3
ECON-159_Lecture-5,ECON-159_Lecture-4
ECON-159_Lecture-6,ECON-159_Lecture-5
ECON-159_Lecture-7,ECON-159_Lecture-6
ECON-159_Lecture-8,ECON-159_Lecture-7
ECON-159_Lecture-9,ECON-159_Lecture-8
ECON-159_Lecture-10,ECON-159_Lecture-9
ECON-159_Lecture-11,ECON-159_Lecture-10
ECON-159_Lecture-12,ECON-159_Lecture-11
ECON-159_Exam-1,ECON-159_Lecture-12
ECON-159_Lecture-13,ECON-159_Exam-1
ECON-159_Lecture-14,ECON-159_Lecture-13
ECON-159_Lecture-15,ECON-159_Lecture-14
ECON-159_Lecture-16,ECON-159_Lecture-15
ECON-159_Lecture-17,ECON-159_Lecture-16
ECON-159_Lecture-18,ECON-159_Lecture-17
ECON-159_Lecture-19,ECON-159_Lecture-18
ECON-159_Lecture-20,ECON-159_Lecture-19
ECON-159_Lecture-21,ECON-159_Lecture-20
ECON-159_Lecture-22,ECON-159_Lecture-21
ECON-159_Lecture-23,ECON-159_Lecture-22
ECON-159_Lecture-24,ECON-159_Lecture-23
ECON-159_Exam-2,ECON-159_Lecture-24
ENGL-300_Lecture-2,ENGL-300_Lecture-1
ENGL-300_Lecture-3,ENGL-300_Lecture-2
ENGL-300_Lecture-4,ENGL-300_Lecture-3
ENGL-300_Lecture-5,ENGL-300_Lecture-4
ENGL-300_Lecture-6,ENGL-300_Lecture-5
ENGL-300_Lecture-7,ENGL-300_Lecture-6
ENGL-300_Lecture-8,ENGL-300_Lecture-7
ENGL-300_Lecture-9,ENGL-300_Lecture-8
ENGL-300_Lecture-10,ENGL-300_Lecture-9
ENGL-300_Lecture-11,ENGL-300_Lecture-10
ENGL-300_Lecture-12,ENGL-300_Lecture-11
ENGL-300_Lecture-13,ENGL-300_Lecture-12
ENGL-300_Lecture-14,ENGL-300_Lecture-13
ENGL-300_Lecture-15,ENGL-300_Lecture-14
ENGL-300_Lecture-16,ENGL-300_Lecture-15
ENGL-300_Lecture-17,ENGL-300_Lecture-16
ENGL-300_Lecture-18,ENGL-300_Lecture-17
ENGL-300_Lecture-19,ENGL-300_Lecture-18
ENGL-300_Lecture-20,ENGL-300_Lecture-19
ENGL-300_Lecture-21,ENGL-300_Lecture-20
ENGL-300_Lecture-22,ENGL-300_Lecture-21
ENGL-300_Lecture-23,ENGL-300_Lecture-22
ENGL-300_Lecture-24,ENGL-300_Lecture-23
ENGL-300_Lecture-25,ENGL-300_Lecture-24
ENGL-300_Lecture-26,ENGL-300_Lecture-25
ENGL-220_Lecture-2,ENGL-220_Lecture-1
ENGL-220_Lecture-3,ENGL-220_Lecture-2
ENGL-220_Lecture-5,ENGL-220_Lecture-3
ENGL-220_Lecture-6,ENGL-220_Lecture-5
ENGL-220_Lecture-8,ENGL-220_Lecture-6
ENGL-220_Lecture-9,ENGL-220_Lecture-8
ENGL-220_Lecture-10,ENGL-220_Lecture-9
ENGL-220_Lecture-11,ENGL-220_Lecture-10
ENGL-220_Lecture-12,ENGL-220_Lecture-11
ENGL-220_Exam-1,ENGL-220_Lecture-12
ENGL-220_Lecture-13,ENGL-220_Exam-1
ENGL-220_Lecture-15,ENGL-220_Lecture-13
ENGL-220_Lecture-16,ENGL-220_Lecture-15
ENGL-220_Lecture-17,ENGL-220_Lecture-16
ENGL-220_Lecture-19,ENGL-220_Lecture-17
ENGL-220_Lecture-18,ENGL-220_Lecture-19
ENGL-220_Lecture-20,ENGL-220_Lecture-18
ENGL-220_Lecture-21,ENGL-220_Lecture-20
ENGL-220_Lecture-22,ENGL-220_Lecture-21
ENGL-220_Lecture-23,ENGL-220_Lecture-22
ENGL-220_Lecture-24,ENGL-220_Lecture-23
ENGL-220_Exam-2,ENGL-220_Lecture-24
ENGL-310_Lecture-2,ENGL-310_Lecture-1
ENGL-310_Lecture-3,ENGL-310_Lecture-2
ENGL-310_Lecture-4,ENGL-310_Lecture-3
ENGL-310_Lecture-5,ENGL-310_Lecture-4
ENGL-310_Lecture-6,ENGL-310_Lecture-5
ENGL-310_Lecture-7,ENGL-310_Lecture-6
ENGL-310_Lecture-8,ENGL-310_Lecture-7
ENGL-310_Lecture-9,ENGL-310_Lecture-8
ENGL-310_Lecture-10,ENGL-310_Lecture-9
ENGL-310_Lecture-11,ENGL-310_Lecture-10
ENGL-310_Lecture-12,ENGL-310_Lecture-11
ENGL-310_Lecture-13,ENGL-310_Lecture-12
ENGL-310_Lecture-14,ENGL-310_Lecture-13
ENGL-310_Lecture-15,ENGL-310_Lecture-14
ENGL-310_Lecture-16,ENGL-310_Lecture-15
ENGL-310_Lecture-17,ENGL-310_Lecture-16
ENGL-310_Lecture-18,ENGL-310_Lecture-17
ENGL-310_Lecture-19,ENGL-310_Lecture-18
ENGL-310_Lecture-20,ENGL-310_Lecture-19
ENGL-310_Lecture-21,ENGL-310_Lecture-20
ENGL-310_Lecture-22,ENGL-310_Lecture-21
ENGL-310_Lecture-23,ENGL-310_Lecture-22
ENGL-310_Lecture-24,ENGL-310_Lecture-23
ENGL-310_Lecture-25,ENGL-310_Lecture-24
ENGL-310_Exam-1,ENGL-310_Lecture-25
ENGL-291_Lecture-2,ENGL-291_Lecture-1
ENGL-291_Lecture-3,ENGL-291_Lecture-2
ENGL-291_Lecture-4,ENGL-291_Lecture-3
ENGL-291_Lecture-5,ENGL-291_Lecture-4
ENGL-291_Lecture-6,ENGL-291_Lecture-5
ENGL-291_Lecture-7,ENGL-291_Lecture-6
ENGL-291_Lecture-8,ENGL-291_Lecture-7
ENGL-291_Lecture-9,ENGL-291_Lecture-8
ENGL-291_Lecture-10,ENGL-291_Lecture-9
ENGL-291_Lecture-11,ENGL-291_Lecture-10
ENGL-291_Lecture-12,ENGL-291_Lecture-11
ENGL-291_Lecture-13,ENGL-291_Lecture-12
ENGL-291_Lecture-14,ENGL-291_Lecture-13
ENGL-291_Lecture-15,ENGL-291_Lecture-14
ENGL-291_Lecture-16,ENGL-291_Lecture-15
ENGL-291_Lecture-17,ENGL-291_Lecture-16
ENGL-291_Lecture-18,ENGL-291_Lecture-17
ENGL-291_Lecture-19,ENGL-291_Lecture-18
ENGL-291_Lecture-20,ENGL-291_Lecture-19
ENGL-291_Lecture-21,ENGL-291_Lecture-20
ENGL-291_Lecture-22,ENGL-291_Lecture-21
ENGL-291_Lecture-23,ENGL-291_Lecture-22
ENGL-291_Lecture-24,ENGL-291_Lecture-23
ENGL-291_Lecture-25,ENGL-291_Lecture-24
ENGL-291_Lecture-26,ENGL-291_Lecture-25
ENGL-291_Exam-1,ENGL-291_Lecture-26
EVST-255_Lecture-2,EVST-255_Lecture-1
EVST-255_Lecture-3,EVST-255_Lecture-2
EVST-255_Lecture-4,EVST-255_Lecture-3
EVST-255_Lecture-5,EVST-255_Lecture-4
EVST-255_Lecture-6,EVST-255_Lecture-5
EVST-255_Lecture-7,EVST-255_Lecture-6
EVST-255_Lecture-8,EVST-255_Lecture-7
EVST-255_Lecture-9,EVST-255_Lecture-8
EVST-255_Lecture-10,EVST-255_Lecture-9
EVST-255_Lecture-11,EVST-255_Lecture-10
EVST-255_Lecture-12,EVST-255_Lecture-11
EVST-255_Lecture-13,EVST-255_Lecture-12
EVST-255_Lecture-14,EVST-255_Lecture-13
EVST-255_Lecture-15,EVST-255_Lecture-14
EVST-255_Lecture-16,EVST-255_Lecture-15
EVST-255_Lecture-17,EVST-255_Lecture-16
EVST-255_Lecture-18,EVST-255_Lecture-17
EVST-255_Lecture-19,EVST-255_Lecture-18
EVST-255_Lecture-20,EVST-255_Lecture-19
EVST-255_Lecture-21,EVST-255_Lecture-20
EVST-255_Lecture-22,EVST-255_Lecture-21
EVST-255_Lecture-23,EVST-255_Lecture-22
EVST-255_Lecture-24,EVST-255_Lecture-23
GG-140_Lecture-2,GG-140_Lecture-1
GG-140_Lecture-3,GG-140_Lecture-2
GG-140_Lecture-4,GG-140_Lecture-3
GG-140_Lecture-5,GG-140_Lecture-4
GG-140_Lecture-6,GG-140_Lecture-5
GG-140_Lecture-7,GG-140_Lecture-6
GG-140_Lecture-8,GG-140_Lecture-7
GG-140_Lecture-9,GG-140_Lecture-8
GG-140_Lecture-10,GG-140_Lecture-9
GG-140_Exam-1,GG-140_Lecture-10
GG-140_Lecture-11,GG-140_Exam-1
GG-140_Lecture-12,GG-140_Lecture-11
GG-140_Lecture-13,GG-140_Lecture-12
GG-140_Lecture-14,GG-140_Lecture-13
GG-140_Lecture-15,GG-140_Lecture-14
GG-140_Lecture-16,GG-140_Lecture-15
GG-140_Lecture-17,GG-140_Lecture-16
GG-140_Lab,GG-140_Lecture-17
GG-140_Lecture-18,GG-140_Lab
GG-140_Exam-2,GG-140_Lecture-18
GG-140_Lecture-19,GG-140_Exam-2
GG-140_Lecture-20,GG-140_Lecture-19
GG-140_Lecture-21,GG-140_Lecture-20
GG-140_Lecture-22,GG-140_Lecture-21
GG-140_Lecture-23,GG-140_Lecture-22
GG-140_Lecture-24,GG-140_Lecture-23
GG-140_Lecture-25,GG-140_Lecture-24
GG-140_Lecture-26,GG-140_Lecture-25
GG-140_Lecture-27,GG-140_Lecture-26
GG-140_Lecture-28,GG-140_Lecture-27
GG-140_Exam-3,GG-140_Lecture-28
GG-140_Lecture-29,GG-140_Exam-3
GG-140_Lecture-30,GG-140_Lecture-29
GG-140_Lecture-31,GG-140_Lecture-30
GG-140_Lecture-32,GG-140_Lecture-31
GG-140_Lecture-33,GG-140_Lecture-32
GG-140_Lecture-34,GG-140_Lecture-33
GG-140_Lecture-35,GG-140_Lecture-34
GG-140_Final-Exam,GG-140_Lecture-35
HIST-116_Lecture-2,HIST-116_Lecture-1
HIST-116_Lecture-3,HIST-116_Lecture-2
HIST-116_Lecture-4,HIST-116_Lecture-3
HIST-116_Lecture-5,HIST-116_Lecture-4
HIST-116_Lecture-6,HIST-116_Lecture-5
HIST-116_Lecture-7,HIST-116_Lecture-6
HIST-116_Lecture-8,HIST-116_Lecture-7
HIST-116_Lecture-9,HIST-116_Lecture-8
HIST-116_Lecture-10,HIST-116_Lecture-9
HIST-116_Lecture-11,HIST-116_Lecture-10
HIST-116_Lecture-12,HIST-116_Lecture-11
HIST-116_Lecture-13,HIST-116_Lecture-12
HIST-116_Lecture-14,HIST-116_Lecture-13
HIST-116_Lecture-15,HIST-116_Lecture-14
HIST-116_Lecture-16,HIST-116_Lecture-15
HIST-116_Lecture-17,HIST-116_Lecture-16
HIST-116_Lecture-18,HIST-116_Lecture-17
HIST-116_Lecture-19,HIST-116_Lecture-18
HIST-116_Lecture-20,HIST-116_Lecture-19
HIST-116_Lecture-21,HIST-116_Lecture-20
HIST-116_Lecture-22,HIST-116_Lecture-21
HIST-116_Lecture-23,HIST-116_Lecture-22
HIST-116_Lecture-24,HIST-116_Lecture-23
HIST-116_Lecture-25,HIST-116_Lecture-24
HIST-119_Lecture-2,HIST-119_Lecture-1
HIST-119_Lecture-3,HIST-119_Lecture-2
HIST-119_Lecture-4,HIST-119_Lecture-3
HIST-119_Lecture-5,HIST-119_Lecture-4
HIST-119_Lecture-6,HIST-119_Lecture-5
HIST-119_Lecture-7,HIST-119_Lecture-6
HIST-119_Lecture-8,HIST-119_Lecture-7
HIST-119_Lecture-9,HIST-119_Lecture-8
HIST-119_Lecture-10,HIST-119_Lecture-9
HIST-119_Lecture-11,HIST-119_Lecture-10
HIST-119_Lecture-12,HIST-119_Lecture-11
HIST-119_Lecture-13,HIST-119_Lecture-12
HIST-119_Lecture-14,HIST-119_Lecture-13
HIST-119_Lecture-15,HIST-119_Lecture-14
HIST-119_Lecture-16,HIST-119_Lecture-15
HIST-119_Lecture-17,HIST-119_Lecture-16
HIST-119_Lecture-18,HIST-119_Lecture-17
HIST-119_Lecture-19,HIST-119_Lecture-18
HIST-119_Lecture-20,HIST-119_Lecture-19
HIST-119_Lecture-21,HIST-119_Lecture-20
HIST-119_Lecture-22,HIST-119_Lecture-21
HIST-119_Lecture-23,HIST-119_Lecture-22
HIST-119_Lecture-24,HIST-119_Lecture-23
HIST-119_Lecture-25,HIST-119_Lecture-24
HIST-119_Lecture-26,HIST-119_Lecture-25
HIST-119_Lecture-27,HIST-119_Lecture-26
HIST-119_Exam,HIST-119_Lecture-27
HIST-210_Lecture-2,HIST-210_Lecture-1
HIST-210_Lecture-3,HIST-210_Lecture-2
HIST-210_Lecture-4,HIST-210_Lecture-3
HIST-210_Lecture-5,HIST-210_Lecture-4
HIST-210_Lecture-6,HIST-210_Lecture-5
HIST-210_Lecture-7,HIST-210_Lecture-6
HIST-210_Lecture-8,HIST-210_Lecture-7
HIST-210_Lecture-9,HIST-210_Lecture-8
HIST-210_Lecture-10,HIST-210_Lecture-9
HIST-210_Lecture-11,HIST-210_Lecture-10
HIST-210_Lecture-12,HIST-210_Lecture-11
HIST-210_Lecture-13,HIST-210_Lecture-12
HIST-210_Lecture-14,HIST-210_Lecture-13
HIST-210_Lecture-15,HIST-210_Lecture-14
HIST-210_Lecture-16,HIST-210_Lecture-15
HIST-210_Lecture-17,HIST-210_Lecture-16
HIST-210_Lecture-18,HIST-210_Lecture-17
HIST-210_Lecture-19,HIST-210_Lecture-18
HIST-210_Lecture-20,HIST-210_Lecture-19
HIST-210_Lecture-21,HIST-210_Lecture-20
HIST-210_Lecture-22,HIST-210_Lecture-21
HIST-202_Lecture-2,HIST-202_Lecture-1
HIST-202_Lecture-3,HIST-202_Lecture-2
HIST-202_Lecture-4,HIST-202_Lecture-3
HIST-202_Lecture-5,HIST-202_Lecture-4
HIST-202_Lecture-6,HIST-202_Lecture-5
HIST-202_Lecture-7,HIST-202_Lecture-6
HIST-202_Lecture-8,HIST-202_Lecture-7
HIST-202_Lecture-9,HIST-202_Lecture-8
HIST-202_Lecture-10,HIST-202_Lecture-9
HIST-202_Lecture-11,HIST-202_Lecture-10
HIST-202_Lecture-12,HIST-202_Lecture-11
HIST-202_Lecture-13,HIST-202_Lecture-12
HIST-202_Lecture-14,HIST-202_Lecture-13
HIST-202_Lecture-15,HIST-202_Lecture-14
HIST-202_Lecture-16,HIST-202_Lecture-15
HIST-202_Lecture-17,HIST-202_Lecture-16
HIST-202_Lecture-18,HIST-202_Lecture-17
HIST-202_Lecture-19,HIST-202_Lecture-18
HIST-202_Lecture-20,HIST-202_Lecture-19
HIST-202_Lecture-21,HIST-202_Lecture-20
HIST-202_Lecture-22,HIST-202_Lecture-21
HIST-202_Lecture-23,HIST-202_Lecture-22
HIST-202_Lecture-24,HIST-202_Lecture-23
HIST-234_Lecture-2,HIST-234_Lecture-1
HIST-234_Lecture-3,HIST-234_Lecture-2
HIST-234_Lecture-4,HIST-234_Lecture-3
HIST-234_Lecture-5,HIST-234_Lecture-4
HIST-234_Lecture-6,HIST-234_Lecture-5
HIST-234_Lecture-7,HIST-234_Lecture-6
HIST-234_Lecture-8,HIST-234_Lecture-7
HIST-234_Lecture-9,HIST-234_Lecture-8
HIST-234_Lecture-10,HIST-234_Lecture-9
HIST-234_Lecture-11,HIST-234_Lecture-10
HIST-234_Lecture-12,HIST-234_Lecture-11
HIST-234_Lecture-13,HIST-234_Lecture-12
HIST-234_Exam-1,HIST-234_Lecture-13
HIST-234_Lecture-14,HIST-234_Exam-1
HIST-234_Lecture-15,HIST-234_Lecture-14
HIST-234_Lecture-16,HIST-234_Lecture-15
HIST-234_Lecture-17,HIST-234_Lecture-16
HIST-234_Lecture-18,HIST-234_Lecture-17
HIST-234_Lecture-19,HIST-234_Lecture-18
HIST-234_Lecture-20,HIST-234_Lecture-19
HIST-234_Lecture-21,HIST-234_Lecture-20
HIST-234_Lecture-22,HIST-234_Lecture-21
HIST-234_Lecture-23,HIST-234_Lecture-22
HIST-234_Lecture-24,HIST-234_Lecture-23
HIST-234_Lecture-25,HIST-234_Lecture-24
HIST-234_Lecture-26,HIST-234_Lecture-25
HIST-234_Exam-2,HIST-234_Lecture-26
HIST-251_Lecture-2,HIST-251_Lecture-1
HIST-251_Lecture-3,HIST-251_Lecture-2
HIST-251_Lecture-4,HIST-251_Lecture-3
HIST-251_Lecture-5,HIST-251_Lecture-4
HIST-251_Lecture-6,HIST-251_Lecture-5
HIST-251_Lecture-7,HIST-251_Lecture-6
HIST-251_Lecture-8,HIST-251_Lecture-7
HIST-251_Lecture-9,HIST-251_Lecture-8
HIST-251_Lecture-10,HIST-251_Lecture-9
HIST-251_Lecture-11,HIST-251_Lecture-10
HIST-251_Lecture-12,HIST-251_Lecture-11
HIST-251_Lecture-13,HIST-251_Lecture-12
HIST-251_Lecture-14,HIST-251_Lecture-13
HIST-251_Lecture-15,HIST-251_Lecture-14
HIST-251_Lecture-16,HIST-251_Lecture-15
HIST-251_Lecture-17,HIST-251_Lecture-16
HIST-251_Lecture-18,HIST-251_Lecture-17
HIST-251_Lecture-19,HIST-251_Lecture-18
HIST-251_Lecture-20,HIST-251_Lecture-19
HIST-251_Lecture-21,HIST-251_Lecture-20
HIST-251_Lecture-22,HIST-251_Lecture-21
HIST-251_Lecture-23,HIST-251_Lecture-22
HIST-251_Lecture-24,HIST-251_Lecture-23
HIST-251_Lecture-25,HIST-251_Lecture-24
HIST-276_Lecture-3,HIST-276_Lecture-1
HIST-276_Lecture-5,HIST-276_Lecture-3
HIST-276_Lecture-6,HIST-276_Lecture-5
HIST-276_Lecture-7,HIST-276_Lecture-6
HIST-276_Lecture-8,HIST-276_Lecture-7
HIST-276_Lecture-9,HIST-276_Lecture-8
HIST-276_Lecture-10,HIST-276_Lecture-9
HIST-276_Lecture-11,HIST-276_Lecture-10
HIST-276_Lecture-12,HIST-276_Lecture-11
HIST-276_Lecture-13,HIST-276_Lecture-12
HIST-276_Lecture-14,HIST-276_Lecture-13
HIST-276_Lecture-15,HIST-276_Lecture-14
HIST-276_Lecture-16,HIST-276_Lecture-15
HIST-276_Lecture-17,HIST-276_Lecture-16
HIST-276_Lecture-18,HIST-276_Lecture-17
HIST-276_Lecture-19,HIST-276_Lecture-18
HIST-276_Lecture-20,HIST-276_Lecture-19
HIST-276_Lecture-21,HIST-276_Lecture-20
HIST-276_Lecture-22,HIST-276_Lecture-21
HIST-276_Lecture-23,HIST-276_Lecture-22
HIST-276_Lecture-24,HIST-276_Lecture-23
HSAR-252_Lecture-3,HSAR-252_Lecture-2
HSAR-252_Lecture-4,HSAR-252_Lecture-3
HSAR-252_Lecture-5,HSAR-252_Lecture-4
HSAR-252_Lecture-6,HSAR-252_Lecture-5
HSAR-252_Lecture-7,HSAR-252_Lecture-6
HSAR-252_Lecture-8,HSAR-252_Lecture-7
HSAR-252_Lecture-9,HSAR-252_Lecture-8
HSAR-252_Lecture-10,HSAR-252_Lecture-9
HSAR-252_Lecture-12,HSAR-252_Lecture-10
HSAR-252_Lecture-13,HSAR-252_Lecture-12
HSAR-252_Paper-Topics,HSAR-252_Lecture-13
HSAR-252_Lecture-14,HSAR-252_Paper-Topics
HSAR-252_Lecture-17,HSAR-252_Lecture-14
HSAR-252_Lecture-18,HSAR-252_Lecture-17
HSAR-252_Lecture-19,HSAR-252_Lecture-18
ITAL-310_Lecture-2,ITAL-310_Lecture-1
ITAL-310_Lecture-3,ITAL-310_Lecture-2
ITAL-310_Lecture-4,ITAL-310_Lecture-3
ITAL-310_Lecture-5,ITAL-310_Lecture-4
ITAL-310_Lecture-6,ITAL-310_Lecture-5
ITAL-310_Lecture-7,ITAL-310_Lecture-6
ITAL-310_Lecture-8,ITAL-310_Lecture-7
ITAL-310_Lecture-9,ITAL-310_Lecture-8
ITAL-310_Lecture-10,ITAL-310_Lecture-9
ITAL-310_Lecture-11,ITAL-310_Lecture-10
ITAL-310_Lecture-12,ITAL-310_Lecture-11
ITAL-310_Lecture-13,ITAL-310_Lecture-12
ITAL-310_Exam-1,ITAL-310_Lecture-13
ITAL-310_Lecture-14,ITAL-310_Exam-1
ITAL-310_Lecture-15,ITAL-310_Lecture-14
ITAL-310_Lecture-16,ITAL-310_Lecture-15
ITAL-310_Lecture-17,ITAL-310_Lecture-16
ITAL-310_Lecture-18,ITAL-310_Lecture-17
ITAL-310_Lecture-19,ITAL-310_Lecture-18
ITAL-310_Lecture-20,ITAL-310_Lecture-19
ITAL-310_Lecture-21,ITAL-310_Lecture-20
ITAL-310_Lecture-22,ITAL-310_Lecture-21
ITAL-310_Lecture-23,ITAL-310_Lecture-22
ITAL-310_Lecture-24,ITAL-310_Lecture-23
ITAL-310_Exam-2,ITAL-310_Lecture-24
MCDB-150_Lecture-2,MCDB-150_Lecture-1
MCDB-150_Lecture-3,MCDB-150_Lecture-2
MCDB-150_Lecture-4,MCDB-150_Lecture-3
MCDB-150_Lecture-5,MCDB-150_Lecture-4
MCDB-150_Lecture-6,MCDB-150_Lecture-5
MCDB-150_Lecture-7,MCDB-150_Lecture-6
MCDB-150_Lecture-8,MCDB-150_Lecture-7
MCDB-150_Lecture-9,MCDB-150_Lecture-8
MCDB-150_Lecture-10,MCDB-150_Lecture-9
MCDB-150_Lecture-11,MCDB-150_Lecture-10
MCDB-150_Lecture-12,MCDB-150_Lecture-11
MCDB-150_Lecture-13,MCDB-150_Lecture-12
MCDB-150_Lecture-14,MCDB-150_Lecture-13
MCDB-150_Lecture-15,MCDB-150_Lecture-14
MCDB-150_Lecture-16,MCDB-150_Lecture-15
MCDB-150_Lecture-17,MCDB-150_Lecture-16
MCDB-150_Lecture-18,MCDB-150_Lecture-17
MCDB-150_Lecture-19,MCDB-150_Lecture-18
MCDB-150_Lecture-20,MCDB-150_Lecture-19
MCDB-150_Lecture-21,MCDB-150_Lecture-20
MCDB-150_Lecture-22,MCDB-150_Lecture-21
MCDB-150_Lecture-23,MCDB-150_Lecture-22
MCDB-150_Lecture-24,MCDB-150_Lecture-23
PHIL-181_Lecture-2,PHIL-181_Lecture-1
PHIL-181_Lecture-3,PHIL-181_Lecture-2
PHIL-181_Lecture-4,PHIL-181_Lecture-3
PHIL-181_Lecture-5,PHIL-181_Lecture-4
PHIL-181_Lecture-6,PHIL-181_Lecture-5
PHIL-181_Lecture-7,PHIL-181_Lecture-6
PHIL-181_Lecture-8,PHIL-181_Lecture-7
PHIL-181_Lecture-9,PHIL-181_Lecture-8
PHIL-181_Lecture-10,PHIL-181_Lecture-9
PHIL-181_Lecture-11,PHIL-181_Lecture-10
PHIL-181_Lecture-12,PHIL-181_Lecture-11
PHIL-181_Lecture-13,PHIL-181_Lecture-12
PHIL-181_Lecture-14,PHIL-181_Lecture-13
PHIL-181_Lecture-15,PHIL-181_Lecture-14
PHIL-181_Lecture-16,PHIL-181_Lecture-15
PHIL-181_Lecture-17,PHIL-181_Lecture-16
PHIL-181_Lecture-18,PHIL-181_Lecture-17
PHIL-181_Lecture-19,PHIL-181_Lecture-18
PHIL-181_Lecture-20,PHIL-181_Lecture-19
PHIL-181_Lecture-21,PHIL-181_Lecture-20
PHIL-181_Lecture-22,PHIL-181_Lecture-21
PHIL-181_Lecture-23,PHIL-181_Lecture-22
PHIL-181_Lecture-24,PHIL-181_Lecture-23
PHIL-181_Lecture-25,PHIL-181_Lecture-24
PHIL-181_Lecture-26,PHIL-181_Lecture-25
PHIL-176_Lecture-2,PHIL-176_Lecture-1
PHIL-176_Lecture-3,PHIL-176_Lecture-2
PHIL-176_Lecture-4,PHIL-176_Lecture-3
PHIL-176_Lecture-5,PHIL-176_Lecture-4
PHIL-176_Lecture-6,PHIL-176_Lecture-5
PHIL-176_Lecture-7,PHIL-176_Lecture-6
PHIL-176_Lecture-8,PHIL-176_Lecture-7
PHIL-176_Lecture-9,PHIL-176_Lecture-8
PHIL-176_Lecture-10,PHIL-176_Lecture-9
PHIL-176_Lecture-11,PHIL-176_Lecture-10
PHIL-176_Lecture-12,PHIL-176_Lecture-11
PHIL-176_Lecture-13,PHIL-176_Lecture-12
PHIL-176_Lecture-14,PHIL-176_Lecture-13
PHIL-176_Lecture-15,PHIL-176_Lecture-14
PHIL-176_Lecture-16,PHIL-176_Lecture-15
PHIL-176_Lecture-17,PHIL-176_Lecture-16
PHIL-176_Lecture-18,PHIL-176_Lecture-17
PHIL-176_Lecture-19,PHIL-176_Lecture-18
PHIL-176_Lecture-20,PHIL-176_Lecture-19
PHIL-176_Lecture-21,PHIL-176_Lecture-20
PHIL-176_Lecture-22,PHIL-176_Lecture-21
PHIL-176_Lecture-23,PHIL-176_Lecture-22
PHIL-176_Lecture-24,PHIL-176_Lecture-23
PHIL-176_Lecture-25,PHIL-176_Lecture-24
PHIL-176_Lecture-26,PHIL-176_Lecture-25
PHYS-200_Lecture-2,PHYS-200_Lecture-1
PHYS-200_Lecture-3,PHYS-200_Lecture-2
PHYS-200_Lecture-4,PHYS-200_Lecture-3
PHYS-200_Lecture-5,PHYS-200_Lecture-4
PHYS-200_Lecture-6,PHYS-200_Lecture-5
PHYS-200_Lecture-8,PHYS-200_Lecture-6
PHYS-200_Lecture-9,PHYS-200_Lecture-8
PHYS-200_Lecture-10,PHYS-200_Lecture-9
PHYS-200_Lecture-11,PHYS-200_Lecture-10
PHYS-200_Exam-1,PHYS-200_Lecture-11
PHYS-200_Lecture-12,PHYS-200_Exam-1
PHYS-200_Lecture-13,PHYS-200_Lecture-12
PHYS-200_Lecture-14,PHYS-200_Lecture-13
PHYS-200_Lecture-15,PHYS-200_Lecture-14
PHYS-200_Lecture-16,PHYS-200_Lecture-15
PHYS-200_Lecture-17,PHYS-200_Lecture-16
PHYS-200_Lecture-18,PHYS-200_Lecture-17
PHYS-200_Lecture-20,PHYS-200_Lecture-18
PHYS-200_Lecture-21,PHYS-200_Lecture-20
PHYS-200_Lecture-22,PHYS-200_Lecture-21
PHYS-200_Lecture-23,PHYS-200_Lecture-22
PHYS-200_Lecture-24,PHYS-200_Lecture-23
PHYS-200_Exam-2,PHYS-200_Lecture-24
PHYS-201_Lecture-2,PHYS-201_Lecture-1
PHYS-201_Lecture-3,PHYS-201_Lecture-2
PHYS-201_Lecture-4,PHYS-201_Lecture-3
PHYS-201_Lecture-5,PHYS-201_Lecture-4
PHYS-201_Lecture-6,PHYS-201_Lecture-5
PHYS-201_Lecture-7,PHYS-201_Lecture-6
PHYS-201_Lecture-8,PHYS-201_Lecture-7
PHYS-201_Lecture-9,PHYS-201_Lecture-8
PHYS-201_Lecture-10,PHYS-201_Lecture-9
PHYS-201_Lecture-11,PHYS-201_Lecture-10
PHYS-201_Lecture-12,PHYS-201_Lecture-11
PHYS-201_Lecture-13,PHYS-201_Lecture-12
PHYS-201_Lecture-14,PHYS-201_Lecture-13
PHYS-201_Exam-1,PHYS-201_Lecture-14
PHYS-201_Lecture-15,PHYS-201_Exam-1
PHYS-201_Lecture-16,PHYS-201_Lecture-15
PHYS-201_Lecture-17,PHYS-201_Lecture-16
PHYS-201_Lecture-18,PHYS-201_Lecture-17
PHYS-201_Lecture-19,PHYS-201_Lecture-18
PHYS-201_Lecture-20,PHYS-201_Lecture-19
PHYS-201_Lecture-21,PHYS-201_Lecture-20
PHYS-201_Lecture-22,PHYS-201_Lecture-21
PHYS-201_Lecture-23,PHYS-201_Lecture-22
PHYS-201_Lecture-24,PHYS-201_Lecture-23
PHYS-201_Lecture-25,PHYS-201_Lecture-24
PHYS-201_Exam-2,PHYS-201_Lecture-25
PLSC-270_Lecture-2,PLSC-270_Lecture-1
PLSC-270_Lecture-3,PLSC-270_Lecture-2
PLSC-270_Lecture-4,PLSC-270_Lecture-3
PLSC-270_Lecture-5,PLSC-270_Lecture-4
PLSC-270_Lecture-6,PLSC-270_Lecture-5
PLSC-270_Lecture-7,PLSC-270_Lecture-6
PLSC-270_Lecture-8,PLSC-270_Lecture-7
PLSC-270_Lecture-9,PLSC-270_Lecture-8
PLSC-270_Lecture-10,PLSC-270_Lecture-9
PLSC-270_Lecture-11,PLSC-270_Lecture-10
PLSC-270_Lecture-12,PLSC-270_Lecture-11
PLSC-270_Lecture-13,PLSC-270_Lecture-12
PLSC-270_Lecture-14,PLSC-270_Lecture-13
PLSC-270_Lecture-15,PLSC-270_Lecture-14
PLSC-270_Lecture-16,PLSC-270_Lecture-15
PLSC-270_Lecture-17,PLSC-270_Lecture-16
PLSC-270_Lecture-18,PLSC-270_Lecture-17
PLSC-270_Lecture-19,PLSC-270_Lecture-18
PLSC-270_Lecture-20,PLSC-270_Lecture-19
PLSC-270_Lecture-21,PLSC-270_Lecture-20
PLSC-270_Lecture-22,PLSC-270_Lecture-21
PLSC-270_Lecture-23,PLSC-270_Lecture-22
PLSC-270_Lecture-24,PLSC-270_Lecture-23
PLSC-114_Lecture-2,PLSC-114_Lecture-1
PLSC-114_Lecture-3,PLSC-114_Lecture-2
PLSC-114_Lecture-4,PLSC-114_Lecture-3
PLSC-114_Lecture-5,PLSC-114_Lecture-4
PLSC-114_Lecture-6,PLSC-114_Lecture-5
PLSC-114_Lecture-7,PLSC-114_Lecture-6
PLSC-114_Lecture-8,PLSC-114_Lecture-7
PLSC-114_Lecture-9,PLSC-114_Lecture-8
PLSC-114_Lecture-10,PLSC-114_Lecture-9
PLSC-114_Lecture-11,PLSC-114_Lecture-10
PLSC-114_Lecture-12,PLSC-114_Lecture-11
PLSC-114_Lecture-13,PLSC-114_Lecture-12
PLSC-114_Lecture-14,PLSC-114_Lecture-13
PLSC-114_Lecture-15,PLSC-114_Lecture-14
PLSC-114_Lecture-16,PLSC-114_Lecture-15
PLSC-114_Lecture-17,PLSC-114_Lecture-16
PLSC-114_Lecture-18,PLSC-114_Lecture-17
PLSC-114_Lecture-19,PLSC-114_Lecture-18
PLSC-114_Lecture-20,PLSC-114_Lecture-19
PLSC-114_Lecture-21,PLSC-114_Lecture-20
PLSC-114_Lecture-22,PLSC-114_Lecture-21
PLSC-114_Lecture-23,PLSC-114_Lecture-22
PLSC-114_Lecture-24,PLSC-114_Lecture-23
PSYC-110_Lecture-2,PSYC-110_Lecture-1
PSYC-110_Lecture-3,PSYC-110_Lecture-2
PSYC-110_Lecture-4,PSYC-110_Lecture-3
PSYC-110_Lecture-5,PSYC-110_Lecture-4
PSYC-110_Lecture-6,PSYC-110_Lecture-5
PSYC-110_Lecture-7,PSYC-110_Lecture-6
PSYC-110_Lecture-8,PSYC-110_Lecture-7
PSYC-110_Lecture-9,PSYC-110_Lecture-8
PSYC-110_Lecture-10,PSYC-110_Lecture-9
PSYC-110_Lecture-11,PSYC-110_Lecture-10
PSYC-110_Lecture-12,PSYC-110_Lecture-11
PSYC-110_Exam-1,PSYC-110_Lecture-12
PSYC-110_Guest-Lecture-1,PSYC-110_Exam-1
PSYC-110_Lecture-13,PSYC-110_Guest-Lecture-1
PSYC-110_Lecture-14,PSYC-110_Lecture-13
PSYC-110_Guest-Lecture-2,PSYC-110_Lecture-14
PSYC-110_Lecture-15,PSYC-110_Guest-Lecture-2
PSYC-110_Lecture-16,PSYC-110_Lecture-15
PSYC-110_Lecture-17,PSYC-110_Lecture-16
PSYC-110_Lecture-18,PSYC-110_Lecture-17
PSYC-110_Lecture-19,PSYC-110_Lecture-18
PSYC-110_Lecture-20,PSYC-110_Lecture-19
PSYC-110_Exam-2,PSYC-110_Lecture-20
PSYC-123_Lecture-2,PSYC-123_Lecture-1
PSYC-123_Lecture-3,PSYC-123_Lecture-2
PSYC-123_Lecture-4,PSYC-123_Lecture-3
PSYC-123_Lecture-5,PSYC-123_Lecture-4
PSYC-123_Lecture-6,PSYC-123_Lecture-5
PSYC-123_Lecture-7,PSYC-123_Lecture-6
PSYC-123_Lecture-8,PSYC-123_Lecture-7
PSYC-123_Lecture-9,PSYC-123_Lecture-8
PSYC-123_Lecture-10,PSYC-123_Lecture-9
PSYC-123_Lecture-11,PSYC-123_Lecture-10
PSYC-123_Lecture-12,PSYC-123_Lecture-11
PSYC-123_Lecture-13,PSYC-123_Lecture-12
PSYC-123_Lecture-14,PSYC-123_Lecture-13
PSYC-123_Lecture-15,PSYC-123_Lecture-14
PSYC-123_Lecture-16,PSYC-123_Lecture-15
PSYC-123_Lecture-17,PSYC-123_Lecture-16
PSYC-123_Lecture-18,PSYC-123_Lecture-17
PSYC-123_Lecture-19,PSYC-123_Lecture-18
PSYC-123_Lecture-20,PSYC-123_Lecture-19
PSYC-123_Lecture-21,PSYC-123_Lecture-20
PSYC-123_Lecture-22,PSYC-123_Lecture-21
PSYC-123_Lecture-23,PSYC-123_Lecture-22
RLST-152_Lecture-2,RLST-152_Lecture-1
RLST-152_Lecture-3,RLST-152_Lecture-2
RLST-152_Lecture-4,RLST-152_Lecture-3
RLST-152_Lecture-5,RLST-152_Lecture-4
RLST-152_Lecture-6,RLST-152_Lecture-5
RLST-152_Lecture-7,RLST-152_Lecture-6
RLST-152_Lecture-8,RLST-152_Lecture-7
RLST-152_Lecture-9,RLST-152_Lecture-8
RLST-152_Lecture-10,RLST-152_Lecture-9
RLST-152_Lecture-11,RLST-152_Lecture-10
RLST-152_Lecture-12,RLST-152_Lecture-11
RLST-152_Lecture-13,RLST-152_Lecture-12
RLST-152_Lecture-14,RLST-152_Lecture-13
RLST-152_Lecture-15,RLST-152_Lecture-14
RLST-152_Lecture-16,RLST-152_Lecture-15
RLST-152_Lecture-17,RLST-152_Lecture-16
RLST-152_Lecture-18,RLST-152_Lecture-17
RLST-152_Lecture-19,RLST-152_Lecture-18
RLST-152_Lecture-20,RLST-152_Lecture-19
RLST-152_Lecture-21,RLST-152_Lecture-20
RLST-152_Lecture-22,RLST-152_Lecture-21
RLST-152_Lecture-23,RLST-152_Lecture-22
RLST-152_Lecture-24,RLST-152_Lecture-23
RLST-152_Lecture-25,RLST-152_Lecture-24
RLST-152_Lecture-26,RLST-152_Lecture-25
RLST-145_Lecture-2,RLST-145_Lecture-1
RLST-145_Lecture-3,RLST-145_Lecture-2
RLST-145_Lecture-4,RLST-145_Lecture-3
RLST-145_Lecture-5,RLST-145_Lecture-4
RLST-145_Lecture-6,RLST-145_Lecture-5
RLST-145_Lecture-7,RLST-145_Lecture-6
RLST-145_Lecture-8,RLST-145_Lecture-7
RLST-145_Lecture-9,RLST-145_Lecture-8
RLST-145_Lecture-10,RLST-145_Lecture-9
RLST-145_Lecture-11,RLST-145_Lecture-10
RLST-145_Exam-1,RLST-145_Lecture-11
RLST-145_Lecture-12,RLST-145_Exam-1
RLST-145_Lecture-13,RLST-145_Lecture-12
RLST-145_Lecture-14,RLST-145_Lecture-13
RLST-145_Lecture-15,RLST-145_Lecture-14
RLST-145_Lecture-16,RLST-145_Lecture-15
RLST-145_Lecture-17,RLST-145_Lecture-16
RLST-145_Lecture-18,RLST-145_Lecture-17
RLST-145_Lecture-19,RLST-145_Lecture-18
RLST-145_Lecture-20,RLST-145_Lecture-19
RLST-145_Lecture-21,RLST-145_Lecture-20
RLST-145_Lecture-22,RLST-145_Lecture-21
RLST-145_Lecture-23,RLST-145_Lecture-22
RLST-145_Lecture-24,RLST-145_Lecture-23
SOCY-151_Lecture-2,SOCY-151_Lecture-1
SOCY-151_Lecture-3,SOCY-151_Lecture-2
SOCY-151_Lecture-4,SOCY-151_Lecture-3
SOCY-151_Lecture-5,SOCY-151_Lecture-4
SOCY-151_Lecture-6,SOCY-151_Lecture-5
SOCY-151_Lecture-7,SOCY-151_Lecture-6
SOCY-151_Lecture-8,SOCY-151_Lecture-7
SOCY-151_Lecture-9,SOCY-151_Lecture-8
SOCY-151_Lecture-10,SOCY-151_Lecture-9
SOCY-151_Lecture-11,SOCY-151_Lecture-10
SOCY-151_Lecture-12,SOCY-151_Lecture-11
SOCY-151_Lecture-13,SOCY-151_Lecture-12
SOCY-151_Lecture-14,SOCY-151_Lecture-13
SOCY-151_Lecture-15,SOCY-151_Lecture-14
SOCY-151_Lecture-16,SOCY-151_Lecture-15
SOCY-151_Lecture-17,SOCY-151_Lecture-16
SOCY-151_Lecture-18,SOCY-151_Lecture-17
SOCY-151_Lecture-19,SOCY-151_Lecture-18
SOCY-151_Lecture-20,SOCY-151_Lecture-19
SOCY-151_Lecture-21,SOCY-151_Lecture-20
SOCY-151_Lecture-22,SOCY-151_Lecture-21
SOCY-151_Lecture-23,SOCY-151_Lecture-22
SOCY-151_Lecture-24,SOCY-151_Lecture-23
SOCY-151_Lecture-25,SOCY-151_Lecture-24
SPAN-300_Lecture-2,SPAN-300_Lecture-1
SPAN-300_Lecture-3,SPAN-300_Lecture-2
SPAN-300_Lecture-4,SPAN-300_Lecture-3
SPAN-300_Lecture-5,SPAN-300_Lecture-4
SPAN-300_Lecture-6,SPAN-300_Lecture-5
SPAN-300_Lecture-7,SPAN-300_Lecture-6
SPAN-300_Lecture-8,SPAN-300_Lecture-7
SPAN-300_Lecture-9,SPAN-300_Lecture-8
SPAN-300_Lecture-10,SPAN-300_Lecture-9
SPAN-300_Lecture-11,SPAN-300_Lecture-10
SPAN-300_Lecture-12,SPAN-300_Lecture-11
SPAN-300_Lecture-13,SPAN-300_Lecture-12
SPAN-300_Lecture-14,SPAN-300_Lecture-13
SPAN-300_Lecture-15,SPAN-300_Lecture-14
SPAN-300_Lecture-16,SPAN-300_Lecture-15
SPAN-300_Lecture-17,SPAN-300_Lecture-16
SPAN-300_Lecture-18,SPAN-300_Lecture-17
SPAN-300_Lecture-19,SPAN-300_Lecture-18
SPAN-300_Lecture-20,SPAN-300_Lecture-19
SPAN-300_Lecture-21,SPAN-300_Lecture-20
SPAN-300_Lecture-22,SPAN-300_Lecture-21
SPAN-300_Lecture-23,SPAN-300_Lecture-22
SPAN-300_Lecture-24,SPAN-300_Lecture-23
